OrderID,OrderDate,Region,Category,Product,UnitPrice,Quantity,DiscountPct,GrossSales,DiscountAmount,NetSales,PaymentMethod,OrderStatus,ReturnReason
ORD-2026-1000,2025-01-01,Europe,Home & Kitchen,Stainless Steel Cookware Set,179.99,4,0.05,719.96,36.0,683.96,Credit Card,Returned,Wrong Size
ORD-2026-1001,2025-01-01,Middle East & Africa,Apparel,Organic Cotton Hoodie,59.99,3,0.0,179.97,0.0,179.97,Debit Card,Delivered,N/A
ORD-2026-1002,2025-01-02,Asia-Pacific,Electronics,Ergonomic Mechanical Keyboard,129.99,4,0.0,519.96,0.0,519.96,Apple Pay,Delivered,N/A
ORD-2026-1003,2025-01-03,Europe,Home & Kitchen,Espresso Coffee Machine,299.99,1,0.0,299.99,0.0,299.99,PayPal,Delivered,N/A
ORD-2026-1004,2025-01-04,North America,Home & Kitchen,Smart LED Desk Lamp,39.99,1,0.0,39.99,0.0,39.99,Credit Card,Delivered,N/A
ORD-2026-1005,2025-01-05,North America,Electronics,UltraSlim Laptop 15,899.99,4,0.0,3599.96,0.0,3599.96,Credit Card,Delivered,N/A
ORD-2026-1006,2025-01-06,North America,Fitness & Sports,Yoga Mat & Block Bundle,34.99,2,0.0,69.98,0.0,69.98,Credit Card,Returned,Late Delivery
ORD-2026-1007,2025-01-07,Latin America,Home & Kitchen,Espresso Coffee Machine,299.99,4,0.0,1199.96,0.0,1199.96,Debit Card,Delivered,N/A
ORD-2026-1008,2025-01-08,Asia-Pacific,Fitness & Sports,Resistance Bands Set,24.99,4,0.0,99.96,0.0,99.96,Credit Card,Delivered,N/A
ORD-2026-1009,2025-01-08,Asia-Pacific,Home & Kitchen,Robot Vacuum Cleaner,249.99,1,0.05,249.99,12.5,237.49,Apple Pay,Delivered,N/A
ORD-2026-1010,2025-01-09,North America,Home & Kitchen,Air Fryer XL 5.5L,119.99,3,0.1,359.97,36.0,323.97,Debit Card,Delivered,N/A
ORD-2026-1011,2025-01-10,Middle East & Africa,Apparel,Performance Running Shoes,119.99,1,0.0,119.99,0.0,119.99,Credit Card,Delivered,N/A
ORD-2026-1012,2025-01-11,Latin America,Fitness & Sports,Hydration Backpack,44.99,3,0.15,134.97,20.25,114.72,PayPal,Returned,Not as Described
ORD-2026-1013,2025-01-12,North America,Fitness & Sports,Yoga Mat & Block Bundle,34.99,1,0.15,34.99,5.25,29.74,Credit Card,Delivered,N/A
ORD-2026-1014,2025-01-13,North America,Electronics,Wireless Noise-Canceling Headphones,199.99,4,0.0,799.96,0.0,799.96,PayPal,Delivered,N/A
ORD-2026-1015,2025-01-14,North America,Electronics,UltraSlim Laptop 15,899.99,1,0.1,899.99,90.0,809.99,Debit Card,Delivered,N/A
ORD-2026-1016,2025-01-15,North America,Apparel,Waterproof Outdoor Jacket,149.99,1,0.05,149.99,7.5,142.49,Debit Card,Delivered,N/A
ORD-2026-1017,2025-01-15,Europe,Home & Kitchen,Smart LED Desk Lamp,39.99,1,0.05,39.99,2.0,37.99,Debit Card,Delivered,N/A
ORD-2026-1018,2025-01-16,Europe,Fitness & Sports,Yoga Mat & Block Bundle,34.99,4,0.0,139.96,0.0,139.96,Credit Card,Delivered,N/A
ORD-2026-1019,2025-01-17,North America,Electronics,Ergonomic Mechanical Keyboard,129.99,4,0.05,519.96,26.0,493.96,Credit Card,Cancelled,N/A
ORD-2026-1020,2025-01-18,Asia-Pacific,Apparel,Performance Running Shoes,119.99,4,0.0,479.96,0.0,479.96,Debit Card,Delivered,N/A
ORD-2026-1021,2025-01-19,North America,Apparel,Organic Cotton Hoodie,59.99,4,0.05,239.96,12.0,227.96,Credit Card,Delivered,N/A
ORD-2026-1022,2025-01-20,North America,Fitness & Sports,Yoga Mat & Block Bundle,34.99,3,0.05,104.97,5.25,99.72,Credit Card,In Transit,N/A
ORD-2026-1023,2025-01-21,Europe,Home & Kitchen,Robot Vacuum Cleaner,249.99,3,0.05,749.97,37.5,712.47,Credit Card,Delivered,N/A
ORD-2026-1024,2025-01-22,Europe,Home & Kitchen,Smart LED Desk Lamp,39.99,2,0.05,79.98,4.0,75.98,PayPal,Delivered,N/A
ORD-2026-1025,2025-01-22,Asia-Pacific,Apparel,Waterproof Outdoor Jacket,149.99,4,0.1,599.96,60.0,539.96,Credit Card,Delivered,N/A
ORD-2026-1026,2025-01-23,North America,Apparel,Slim-Fit Denim Jeans,69.99,3,0.0,209.97,0.0,209.97,PayPal,Delivered,N/A
ORD-2026-1027,2025-01-24,Europe,Electronics,"4K Smart Monitor 27""",349.99,1,0.0,349.99,0.0,349.99,Bank Transfer,Delivered,N/A
ORD-2026-1028,2025-01-25,Europe,Electronics,Wireless Noise-Canceling Headphones,199.99,4,0.1,799.96,80.0,719.96,Credit Card,Delivered,N/A
ORD-2026-1029,2025-01-26,North America,Fitness & Sports,GPS Fitness Tracker,129.99,2,0.0,259.98,0.0,259.98,Credit Card,Delivered,N/A
ORD-2026-1030,2025-01-27,Asia-Pacific,Home & Kitchen,Air Fryer XL 5.5L,119.99,2,0.0,239.98,0.0,239.98,Credit Card,Returned,Wrong Size
ORD-2026-1031,2025-01-28,North America,Fitness & Sports,Adjustable Dumbbell Set,219.99,2,0.0,439.98,0.0,439.98,Apple Pay,Delivered,N/A
ORD-2026-1032,2025-01-29,North America,Fitness & Sports,GPS Fitness Tracker,129.99,1,0.0,129.99,0.0,129.99,Credit Card,Delivered,N/A
ORD-2026-1033,2025-01-29,Middle East & Africa,Apparel,Slim-Fit Denim Jeans,69.99,3,0.2,209.97,41.99,167.98,Credit Card,Delivered,N/A
ORD-2026-1034,2025-01-30,Middle East & Africa,Home & Kitchen,Stainless Steel Cookware Set,179.99,1,0.05,179.99,9.0,170.99,Credit Card,Delivered,N/A
ORD-2026-1035,2025-01-31,Latin America,Fitness & Sports,Hydration Backpack,44.99,4,0.15,179.96,26.99,152.97,Debit Card,Delivered,N/A
ORD-2026-1036,2025-02-01,North America,Home & Kitchen,Air Fryer XL 5.5L,119.99,2,0.05,239.98,12.0,227.98,Credit Card,Returned,Not as Described
ORD-2026-1037,2025-02-02,North America,Electronics,"4K Smart Monitor 27""",349.99,1,0.0,349.99,0.0,349.99,Debit Card,Returned,Wrong Size
ORD-2026-1038,2025-02-03,Asia-Pacific,Apparel,Thermal Base Layer Set,49.99,1,0.0,49.99,0.0,49.99,Apple Pay,Delivered,N/A
ORD-2026-1039,2025-02-04,Europe,Electronics,"4K Smart Monitor 27""",349.99,3,0.05,1049.97,52.5,997.47,Credit Card,Cancelled,N/A
ORD-2026-1040,2025-02-05,North America,Fitness & Sports,Yoga Mat & Block Bundle,34.99,3,0.0,104.97,0.0,104.97,Debit Card,Delivered,N/A
ORD-2026-1041,2025-02-05,Europe,Home & Kitchen,Stainless Steel Cookware Set,179.99,2,0.15,359.98,54.0,305.98,Credit Card,Delivered,N/A
ORD-2026-1042,2025-02-06,North America,Electronics,UltraSlim Laptop 15,899.99,1,0.1,899.99,90.0,809.99,Apple Pay,Delivered,N/A
ORD-2026-1043,2025-02-07,Latin America,Home & Kitchen,Stainless Steel Cookware Set,179.99,1,0.0,179.99,0.0,179.99,PayPal,Returned,Late Delivery
ORD-2026-1044,2025-02-08,North America,Home & Kitchen,Smart LED Desk Lamp,39.99,3,0.2,119.97,23.99,95.98,Apple Pay,Delivered,N/A
ORD-2026-1045,2025-02-09,Asia-Pacific,Apparel,Performance Running Shoes,119.99,1,0.1,119.99,12.0,107.99,Credit Card,Delivered,N/A
ORD-2026-1046,2025-02-10,North America,Electronics,Ergonomic Mechanical Keyboard,129.99,1,0.05,129.99,6.5,123.49,Credit Card,Returned,Late Delivery
ORD-2026-1047,2025-02-11,Europe,Home & Kitchen,Air Fryer XL 5.5L,119.99,1,0.0,119.99,0.0,119.99,Credit Card,Delivered,N/A
ORD-2026-1048,2025-02-12,Europe,Apparel,Performance Running Shoes,119.99,3,0.0,359.97,0.0,359.97,Credit Card,Delivered,N/A
ORD-2026-1049,2025-02-13,North America,Home & Kitchen,Smart LED Desk Lamp,39.99,2,0.05,79.98,4.0,75.98,Credit Card,Delivered,N/A
ORD-2026-1050,2025-02-13,Middle East & Africa,Apparel,Waterproof Outdoor Jacket,149.99,4,0.0,599.96,0.0,599.96,Credit Card,Delivered,N/A
ORD-2026-1051,2025-02-14,Asia-Pacific,Fitness & Sports,Resistance Bands Set,24.99,2,0.0,49.98,0.0,49.98,Credit Card,Delivered,N/A
ORD-2026-1052,2025-02-15,Middle East & Africa,Apparel,Waterproof Outdoor Jacket,149.99,4,0.1,599.96,60.0,539.96,Credit Card,Delivered,N/A
ORD-2026-1053,2025-02-16,Latin America,Apparel,Organic Cotton Hoodie,59.99,1,0.0,59.99,0.0,59.99,Debit Card,Delivered,N/A
ORD-2026-1054,2025-02-17,Europe,Fitness & Sports,Yoga Mat & Block Bundle,34.99,2,0.05,69.98,3.5,66.48,PayPal,Returned,Buyer Remorse
ORD-2026-1055,2025-02-18,Middle East & Africa,Apparel,Waterproof Outdoor Jacket,149.99,4,0.15,599.96,89.99,509.97,Credit Card,Delivered,N/A
ORD-2026-1056,2025-02-19,North America,Electronics,"4K Smart Monitor 27""",349.99,3,0.15,1049.97,157.5,892.47,Credit Card,Delivered,N/A
ORD-2026-1057,2025-02-20,North America,Electronics,Ergonomic Mechanical Keyboard,129.99,3,0.0,389.97,0.0,389.97,Credit Card,Delivered,N/A
ORD-2026-1058,2025-02-20,North America,Home & Kitchen,Smart LED Desk Lamp,39.99,2,0.15,79.98,12.0,67.98,Bank Transfer,Delivered,N/A
ORD-2026-1059,2025-02-21,North America,Home & Kitchen,Air Fryer XL 5.5L,119.99,2,0.0,239.98,0.0,239.98,Credit Card,Delivered,N/A
ORD-2026-1060,2025-02-22,Europe,Home & Kitchen,Robot Vacuum Cleaner,249.99,1,0.0,249.99,0.0,249.99,Debit Card,Delivered,N/A
ORD-2026-1061,2025-02-23,North America,Electronics,"4K Smart Monitor 27""",349.99,2,0.05,699.98,35.0,664.98,Bank Transfer,Delivered,N/A
ORD-2026-1062,2025-02-24,Latin America,Electronics,Smartwatch Pro,249.99,1,0.0,249.99,0.0,249.99,Debit Card,Delivered,N/A
ORD-2026-1063,2025-02-25,Europe,Electronics,Ergonomic Mechanical Keyboard,129.99,1,0.0,129.99,0.0,129.99,PayPal,Delivered,N/A
ORD-2026-1064,2025-02-26,North America,Apparel,Performance Running Shoes,119.99,3,0.05,359.97,18.0,341.97,Debit Card,Delivered,N/A
ORD-2026-1065,2025-02-27,Europe,Apparel,Thermal Base Layer Set,49.99,3,0.0,149.97,0.0,149.97,Bank Transfer,Delivered,N/A
ORD-2026-1066,2025-02-27,North America,Apparel,Thermal Base Layer Set,49.99,4,0.0,199.96,0.0,199.96,PayPal,Delivered,N/A
ORD-2026-1067,2025-02-28,Latin America,Apparel,Slim-Fit Denim Jeans,69.99,3,0.0,209.97,0.0,209.97,PayPal,Delivered,N/A
ORD-2026-1068,2025-03-01,North America,Fitness & Sports,Adjustable Dumbbell Set,219.99,3,0.1,659.97,66.0,593.97,PayPal,Delivered,N/A
ORD-2026-1069,2025-03-02,Middle East & Africa,Electronics,Smartwatch Pro,249.99,2,0.05,499.98,25.0,474.98,PayPal,Delivered,N/A
ORD-2026-1070,2025-03-03,Asia-Pacific,Apparel,Performance Running Shoes,119.99,3,0.0,359.97,0.0,359.97,PayPal,Returned,Wrong Size
ORD-2026-1071,2025-03-04,North America,Home & Kitchen,Air Fryer XL 5.5L,119.99,4,0.0,479.96,0.0,479.96,Credit Card,Delivered,N/A
ORD-2026-1072,2025-03-05,North America,Apparel,Performance Running Shoes,119.99,2,0.0,239.98,0.0,239.98,Credit Card,Delivered,N/A
ORD-2026-1073,2025-03-06,Latin America,Home & Kitchen,Stainless Steel Cookware Set,179.99,4,0.0,719.96,0.0,719.96,Credit Card,Returned,Buyer Remorse
ORD-2026-1074,2025-03-06,Asia-Pacific,Fitness & Sports,Hydration Backpack,44.99,3,0.1,134.97,13.5,121.47,Credit Card,Delivered,N/A
ORD-2026-1075,2025-03-07,Asia-Pacific,Fitness & Sports,Adjustable Dumbbell Set,219.99,4,0.0,879.96,0.0,879.96,Credit Card,Delivered,N/A
ORD-2026-1076,2025-03-08,Asia-Pacific,Electronics,UltraSlim Laptop 15,899.99,2,0.0,1799.98,0.0,1799.98,Credit Card,Delivered,N/A
ORD-2026-1077,2025-03-09,North America,Fitness & Sports,GPS Fitness Tracker,129.99,1,0.05,129.99,6.5,123.49,PayPal,Delivered,N/A
ORD-2026-1078,2025-03-10,Europe,Apparel,Thermal Base Layer Set,49.99,4,0.05,199.96,10.0,189.96,Credit Card,Returned,Wrong Size
ORD-2026-1079,2025-03-11,North America,Electronics,Wireless Noise-Canceling Headphones,199.99,4,0.05,799.96,40.0,759.96,Debit Card,Delivered,N/A
ORD-2026-1080,2025-03-12,Latin America,Apparel,Slim-Fit Denim Jeans,69.99,2,0.0,139.98,0.0,139.98,Credit Card,Cancelled,N/A
ORD-2026-1081,2025-03-13,Asia-Pacific,Fitness & Sports,Yoga Mat & Block Bundle,34.99,2,0.0,69.98,0.0,69.98,Credit Card,Delivered,N/A
ORD-2026-1082,2025-03-13,North America,Apparel,Thermal Base Layer Set,49.99,4,0.0,199.96,0.0,199.96,Debit Card,Delivered,N/A
ORD-2026-1083,2025-03-14,North America,Electronics,UltraSlim Laptop 15,899.99,3,0.0,2699.97,0.0,2699.97,PayPal,Delivered,N/A
ORD-2026-1084,2025-03-15,North America,Home & Kitchen,Espresso Coffee Machine,299.99,4,0.05,1199.96,60.0,1139.96,Credit Card,Delivered,N/A
ORD-2026-1085,2025-03-16,North America,Electronics,Ergonomic Mechanical Keyboard,129.99,2,0.1,259.98,26.0,233.98,Apple Pay,Delivered,N/A
ORD-2026-1086,2025-03-17,Asia-Pacific,Electronics,UltraSlim Laptop 15,899.99,1,0.1,899.99,90.0,809.99,Apple Pay,In Transit,N/A
ORD-2026-1087,2025-03-18,Asia-Pacific,Electronics,UltraSlim Laptop 15,899.99,1,0.1,899.99,90.0,809.99,Credit Card,Delivered,N/A
ORD-2026-1088,2025-03-19,Latin America,Electronics,UltraSlim Laptop 15,899.99,3,0.0,2699.97,0.0,2699.97,Credit Card,Delivered,N/A
ORD-2026-1089,2025-03-20,Europe,Electronics,Smartwatch Pro,249.99,4,0.05,999.96,50.0,949.96,Bank Transfer,Delivered,N/A
ORD-2026-1090,2025-03-20,North America,Electronics,Smartwatch Pro,249.99,1,0.0,249.99,0.0,249.99,PayPal,Delivered,N/A
ORD-2026-1091,2025-03-21,Asia-Pacific,Home & Kitchen,Robot Vacuum Cleaner,249.99,4,0.05,999.96,50.0,949.96,PayPal,Delivered,N/A
ORD-2026-1092,2025-03-22,Asia-Pacific,Electronics,Wireless Noise-Canceling Headphones,199.99,2,0.0,399.98,0.0,399.98,Debit Card,Delivered,N/A
ORD-2026-1093,2025-03-23,Europe,Electronics,Ergonomic Mechanical Keyboard,129.99,1,0.0,129.99,0.0,129.99,Credit Card,Delivered,N/A
ORD-2026-1094,2025-03-24,Asia-Pacific,Fitness & Sports,Hydration Backpack,44.99,3,0.0,134.97,0.0,134.97,Credit Card,Delivered,N/A
ORD-2026-1095,2025-03-25,Europe,Apparel,Thermal Base Layer Set,49.99,2,0.2,99.98,20.0,79.98,Credit Card,Delivered,N/A
ORD-2026-1096,2025-03-26,Europe,Home & Kitchen,Robot Vacuum Cleaner,249.99,3,0.0,749.97,0.0,749.97,Debit Card,Returned,Buyer Remorse
ORD-2026-1097,2025-03-27,Europe,Electronics,Smartwatch Pro,249.99,2,0.0,499.98,0.0,499.98,PayPal,Returned,Late Delivery
ORD-2026-1098,2025-03-28,North America,Electronics,"4K Smart Monitor 27""",349.99,1,0.0,349.99,0.0,349.99,PayPal,Delivered,N/A
ORD-2026-1099,2025-03-28,North America,Electronics,Ergonomic Mechanical Keyboard,129.99,3,0.1,389.97,39.0,350.97,Credit Card,Delivered,N/A
ORD-2026-1100,2025-03-29,North America,Electronics,Wireless Noise-Canceling Headphones,199.99,3,0.05,599.97,30.0,569.97,Credit Card,In Transit,N/A
ORD-2026-1101,2025-03-30,Asia-Pacific,Electronics,UltraSlim Laptop 15,899.99,2,0.05,1799.98,90.0,1709.98,PayPal,Delivered,N/A
ORD-2026-1102,2025-03-31,North America,Electronics,Smartwatch Pro,249.99,3,0.0,749.97,0.0,749.97,Debit Card,Returned,Not as Described
ORD-2026-1103,2025-04-01,Europe,Electronics,Smartwatch Pro,249.99,2,0.05,499.98,25.0,474.98,PayPal,Delivered,N/A
ORD-2026-1104,2025-04-02,Latin America,Electronics,"4K Smart Monitor 27""",349.99,2,0.0,699.98,0.0,699.98,Credit Card,Delivered,N/A
ORD-2026-1105,2025-04-03,North America,Apparel,Slim-Fit Denim Jeans,69.99,2,0.1,139.98,14.0,125.98,Apple Pay,Delivered,N/A
ORD-2026-1106,2025-04-04,Europe,Electronics,Ergonomic Mechanical Keyboard,129.99,2,0.05,259.98,13.0,246.98,Credit Card,Cancelled,N/A
ORD-2026-1107,2025-04-04,Asia-Pacific,Apparel,Thermal Base Layer Set,49.99,1,0.0,49.99,0.0,49.99,Bank Transfer,Delivered,N/A
ORD-2026-1108,2025-04-05,North America,Apparel,Organic Cotton Hoodie,59.99,2,0.0,119.98,0.0,119.98,Credit Card,Delivered,N/A
ORD-2026-1109,2025-04-06,North America,Home & Kitchen,Smart LED Desk Lamp,39.99,4,0.0,159.96,0.0,159.96,PayPal,Delivered,N/A
ORD-2026-1110,2025-04-07,North America,Electronics,Wireless Noise-Canceling Headphones,199.99,3,0.0,599.97,0.0,599.97,Credit Card,Delivered,N/A
ORD-2026-1111,2025-04-08,North America,Home & Kitchen,Robot Vacuum Cleaner,249.99,4,0.0,999.96,0.0,999.96,Apple Pay,Delivered,N/A
ORD-2026-1112,2025-04-09,Middle East & Africa,Home & Kitchen,Air Fryer XL 5.5L,119.99,1,0.05,119.99,6.0,113.99,PayPal,Delivered,N/A
ORD-2026-1113,2025-04-10,Latin America,Electronics,UltraSlim Laptop 15,899.99,4,0.0,3599.96,0.0,3599.96,Credit Card,Cancelled,N/A
ORD-2026-1114,2025-04-11,Asia-Pacific,Fitness & Sports,Yoga Mat & Block Bundle,34.99,3,0.0,104.97,0.0,104.97,Credit Card,Delivered,N/A
ORD-2026-1115,2025-04-11,Latin America,Fitness & Sports,Adjustable Dumbbell Set,219.99,4,0.0,879.96,0.0,879.96,Credit Card,Delivered,N/A
ORD-2026-1116,2025-04-12,Latin America,Electronics,UltraSlim Laptop 15,899.99,1,0.0,899.99,0.0,899.99,Credit Card,Delivered,N/A
ORD-2026-1117,2025-04-13,North America,Electronics,Wireless Noise-Canceling Headphones,199.99,2,0.15,399.98,60.0,339.98,Apple Pay,Delivered,N/A
ORD-2026-1118,2025-04-14,Latin America,Home & Kitchen,Robot Vacuum Cleaner,249.99,4,0.0,999.96,0.0,999.96,Credit Card,Delivered,N/A
ORD-2026-1119,2025-04-15,Europe,Home & Kitchen,Smart LED Desk Lamp,39.99,1,0.05,39.99,2.0,37.99,Debit Card,Delivered,N/A
ORD-2026-1120,2025-04-16,Latin America,Electronics,Ergonomic Mechanical Keyboard,129.99,1,0.1,129.99,13.0,116.99,PayPal,Delivered,N/A
ORD-2026-1121,2025-04-17,Latin America,Electronics,UltraSlim Laptop 15,899.99,3,0.05,2699.97,135.0,2564.97,PayPal,Cancelled,N/A
ORD-2026-1122,2025-04-18,North America,Apparel,Performance Running Shoes,119.99,3,0.15,359.97,54.0,305.97,Credit Card,In Transit,N/A
ORD-2026-1123,2025-04-18,North America,Apparel,Organic Cotton Hoodie,59.99,4,0.0,239.96,0.0,239.96,Credit Card,Delivered,N/A
ORD-2026-1124,2025-04-19,North America,Home & Kitchen,Stainless Steel Cookware Set,179.99,2,0.2,359.98,72.0,287.98,Debit Card,Cancelled,N/A
ORD-2026-1125,2025-04-20,Europe,Apparel,Waterproof Outdoor Jacket,149.99,1,0.0,149.99,0.0,149.99,Bank Transfer,Delivered,N/A
ORD-2026-1126,2025-04-21,Latin America,Apparel,Performance Running Shoes,119.99,4,0.0,479.96,0.0,479.96,Credit Card,Delivered,N/A
ORD-2026-1127,2025-04-22,Latin America,Home & Kitchen,Smart LED Desk Lamp,39.99,1,0.05,39.99,2.0,37.99,Credit Card,Delivered,N/A
ORD-2026-1128,2025-04-23,North America,Electronics,"4K Smart Monitor 27""",349.99,1,0.15,349.99,52.5,297.49,PayPal,Delivered,N/A
ORD-2026-1129,2025-04-24,Europe,Electronics,Wireless Noise-Canceling Headphones,199.99,2,0.1,399.98,40.0,359.98,Bank Transfer,Delivered,N/A
ORD-2026-1130,2025-04-25,Europe,Home & Kitchen,Robot Vacuum Cleaner,249.99,2,0.0,499.98,0.0,499.98,Credit Card,Returned,Buyer Remorse
ORD-2026-1131,2025-04-25,North America,Fitness & Sports,Yoga Mat & Block Bundle,34.99,4,0.0,139.96,0.0,139.96,Credit Card,Delivered,N/A
ORD-2026-1132,2025-04-26,North America,Apparel,Waterproof Outdoor Jacket,149.99,2,0.15,299.98,45.0,254.98,Apple Pay,Returned,Wrong Size
ORD-2026-1133,2025-04-27,North America,Apparel,Performance Running Shoes,119.99,2,0.0,239.98,0.0,239.98,Credit Card,Delivered,N/A
ORD-2026-1134,2025-04-28,Middle East & Africa,Electronics,"4K Smart Monitor 27""",349.99,4,0.1,1399.96,140.0,1259.96,Credit Card,Delivered,N/A
ORD-2026-1135,2025-04-29,North America,Apparel,Organic Cotton Hoodie,59.99,2,0.1,119.98,12.0,107.98,PayPal,In Transit,N/A
ORD-2026-1136,2025-04-30,Europe,Apparel,Thermal Base Layer Set,49.99,3,0.0,149.97,0.0,149.97,Apple Pay,Delivered,N/A
ORD-2026-1137,2025-05-01,Asia-Pacific,Electronics,Ergonomic Mechanical Keyboard,129.99,1,0.0,129.99,0.0,129.99,Credit Card,Delivered,N/A
ORD-2026-1138,2025-05-02,Europe,Electronics,UltraSlim Laptop 15,899.99,1,0.0,899.99,0.0,899.99,PayPal,Delivered,N/A
ORD-2026-1139,2025-05-03,Middle East & Africa,Apparel,Performance Running Shoes,119.99,1,0.0,119.99,0.0,119.99,PayPal,Delivered,N/A
ORD-2026-1140,2025-05-03,Middle East & Africa,Electronics,Smartwatch Pro,249.99,1,0.15,249.99,37.5,212.49,PayPal,Delivered,N/A
ORD-2026-1141,2025-05-04,North America,Electronics,Ergonomic Mechanical Keyboard,129.99,4,0.0,519.96,0.0,519.96,PayPal,Delivered,N/A
ORD-2026-1142,2025-05-05,Europe,Electronics,Wireless Noise-Canceling Headphones,199.99,1,0.15,199.99,30.0,169.99,PayPal,Delivered,N/A
ORD-2026-1143,2025-05-06,North America,Electronics,"4K Smart Monitor 27""",349.99,1,0.0,349.99,0.0,349.99,Credit Card,Cancelled,N/A
ORD-2026-1144,2025-05-07,North America,Electronics,UltraSlim Laptop 15,899.99,1,0.2,899.99,180.0,719.99,PayPal,Delivered,N/A
ORD-2026-1145,2025-05-08,North America,Fitness & Sports,GPS Fitness Tracker,129.99,1,0.0,129.99,0.0,129.99,PayPal,Delivered,N/A
ORD-2026-1146,2025-05-09,Asia-Pacific,Apparel,Organic Cotton Hoodie,59.99,3,0.0,179.97,0.0,179.97,PayPal,Delivered,N/A
ORD-2026-1147,2025-05-10,Europe,Home & Kitchen,Stainless Steel Cookware Set,179.99,1,0.0,179.99,0.0,179.99,Apple Pay,Returned,Wrong Size
ORD-2026-1148,2025-05-10,North America,Home & Kitchen,Smart LED Desk Lamp,39.99,3,0.1,119.97,12.0,107.97,Credit Card,Delivered,N/A
ORD-2026-1149,2025-05-11,North America,Apparel,Performance Running Shoes,119.99,4,0.05,479.96,24.0,455.96,Debit Card,Delivered,N/A
ORD-2026-1150,2025-05-12,Latin America,Electronics,"4K Smart Monitor 27""",349.99,2,0.1,699.98,70.0,629.98,Debit Card,Delivered,N/A
ORD-2026-1151,2025-05-13,North America,Apparel,Performance Running Shoes,119.99,1,0.0,119.99,0.0,119.99,Credit Card,Delivered,N/A
ORD-2026-1152,2025-05-14,North America,Apparel,Waterproof Outdoor Jacket,149.99,2,0.0,299.98,0.0,299.98,PayPal,Returned,Late Delivery
ORD-2026-1153,2025-05-15,Europe,Home & Kitchen,Stainless Steel Cookware Set,179.99,2,0.05,359.98,18.0,341.98,Credit Card,Delivered,N/A
ORD-2026-1154,2025-05-16,Middle East & Africa,Apparel,Waterproof Outdoor Jacket,149.99,4,0.0,599.96,0.0,599.96,Credit Card,Delivered,N/A
ORD-2026-1155,2025-05-17,North America,Electronics,UltraSlim Laptop 15,899.99,2,0.0,1799.98,0.0,1799.98,Credit Card,Delivered,N/A
ORD-2026-1156,2025-05-17,Asia-Pacific,Electronics,UltraSlim Laptop 15,899.99,3,0.2,2699.97,539.99,2159.98,Credit Card,Delivered,N/A
ORD-2026-1157,2025-05-18,Asia-Pacific,Apparel,Thermal Base Layer Set,49.99,2,0.2,99.98,20.0,79.98,Credit Card,Cancelled,N/A
ORD-2026-1158,2025-05-19,North America,Home & Kitchen,Robot Vacuum Cleaner,249.99,2,0.15,499.98,75.0,424.98,Debit Card,In Transit,N/A
ORD-2026-1159,2025-05-20,Asia-Pacific,Apparel,Organic Cotton Hoodie,59.99,2,0.1,119.98,12.0,107.98,Credit Card,Delivered,N/A
ORD-2026-1160,2025-05-21,Europe,Apparel,Waterproof Outdoor Jacket,149.99,1,0.0,149.99,0.0,149.99,Debit Card,Returned,Wrong Size
ORD-2026-1161,2025-05-22,Asia-Pacific,Fitness & Sports,Resistance Bands Set,24.99,1,0.0,24.99,0.0,24.99,PayPal,Delivered,N/A
ORD-2026-1162,2025-05-23,Asia-Pacific,Home & Kitchen,Robot Vacuum Cleaner,249.99,3,0.05,749.97,37.5,712.47,Apple Pay,Delivered,N/A
ORD-2026-1163,2025-05-24,Europe,Electronics,Ergonomic Mechanical Keyboard,129.99,3,0.1,389.97,39.0,350.97,PayPal,Delivered,N/A
ORD-2026-1164,2025-05-24,North America,Electronics,Wireless Noise-Canceling Headphones,199.99,1,0.0,199.99,0.0,199.99,Credit Card,Delivered,N/A
ORD-2026-1165,2025-05-25,Latin America,Electronics,Wireless Noise-Canceling Headphones,199.99,3,0.0,599.97,0.0,599.97,PayPal,Delivered,N/A
ORD-2026-1166,2025-05-26,North America,Electronics,Ergonomic Mechanical Keyboard,129.99,1,0.0,129.99,0.0,129.99,Credit Card,In Transit,N/A
ORD-2026-1167,2025-05-27,North America,Electronics,Smartwatch Pro,249.99,4,0.05,999.96,50.0,949.96,PayPal,Delivered,N/A
ORD-2026-1168,2025-05-28,North America,Electronics,Ergonomic Mechanical Keyboard,129.99,2,0.15,259.98,39.0,220.98,Apple Pay,Returned,Defective Item
ORD-2026-1169,2025-05-29,Europe,Electronics,Smartwatch Pro,249.99,2,0.1,499.98,50.0,449.98,Credit Card,Delivered,N/A
ORD-2026-1170,2025-05-30,Asia-Pacific,Electronics,Ergonomic Mechanical Keyboard,129.99,3,0.0,389.97,0.0,389.97,Credit Card,Returned,Not as Described
ORD-2026-1171,2025-05-31,North America,Fitness & Sports,Hydration Backpack,44.99,1,0.2,44.99,9.0,35.99,Debit Card,Delivered,N/A
ORD-2026-1172,2025-05-31,Europe,Electronics,UltraSlim Laptop 15,899.99,1,0.05,899.99,45.0,854.99,Apple Pay,Delivered,N/A
ORD-2026-1173,2025-06-01,North America,Apparel,Waterproof Outdoor Jacket,149.99,3,0.0,449.97,0.0,449.97,PayPal,Delivered,N/A
ORD-2026-1174,2025-06-02,Asia-Pacific,Apparel,Thermal Base Layer Set,49.99,1,0.0,49.99,0.0,49.99,Credit Card,Delivered,N/A
ORD-2026-1175,2025-06-03,North America,Fitness & Sports,Hydration Backpack,44.99,4,0.0,179.96,0.0,179.96,PayPal,Delivered,N/A
ORD-2026-1176,2025-06-04,Asia-Pacific,Electronics,"4K Smart Monitor 27""",349.99,2,0.0,699.98,0.0,699.98,Credit Card,Delivered,N/A
ORD-2026-1177,2025-06-05,Europe,Apparel,Waterproof Outdoor Jacket,149.99,3,0.2,449.97,89.99,359.98,Debit Card,Delivered,N/A
ORD-2026-1178,2025-06-06,Middle East & Africa,Fitness & Sports,GPS Fitness Tracker,129.99,3,0.0,389.97,0.0,389.97,Bank Transfer,Delivered,N/A
ORD-2026-1179,2025-06-07,North America,Fitness & Sports,Yoga Mat & Block Bundle,34.99,1,0.15,34.99,5.25,29.74,Debit Card,Delivered,N/A
ORD-2026-1180,2025-06-07,North America,Home & Kitchen,Robot Vacuum Cleaner,249.99,3,0.0,749.97,0.0,749.97,Apple Pay,Delivered,N/A
ORD-2026-1181,2025-06-08,North America,Electronics,Ergonomic Mechanical Keyboard,129.99,4,0.0,519.96,0.0,519.96,Credit Card,Delivered,N/A
ORD-2026-1182,2025-06-09,Middle East & Africa,Electronics,Ergonomic Mechanical Keyboard,129.99,1,0.0,129.99,0.0,129.99,Debit Card,Delivered,N/A
ORD-2026-1183,2025-06-10,Latin America,Home & Kitchen,Espresso Coffee Machine,299.99,1,0.0,299.99,0.0,299.99,Debit Card,Returned,Buyer Remorse
ORD-2026-1184,2025-06-11,North America,Fitness & Sports,GPS Fitness Tracker,129.99,1,0.0,129.99,0.0,129.99,Credit Card,Delivered,N/A
ORD-2026-1185,2025-06-12,Asia-Pacific,Apparel,Slim-Fit Denim Jeans,69.99,1,0.15,69.99,10.5,59.49,Apple Pay,Returned,Not as Described
ORD-2026-1186,2025-06-13,Latin America,Apparel,Performance Running Shoes,119.99,4,0.05,479.96,24.0,455.96,Credit Card,Delivered,N/A
ORD-2026-1187,2025-06-14,Europe,Electronics,"4K Smart Monitor 27""",349.99,1,0.05,349.99,17.5,332.49,PayPal,In Transit,N/A
ORD-2026-1188,2025-06-15,Europe,Home & Kitchen,Robot Vacuum Cleaner,249.99,3,0.0,749.97,0.0,749.97,Debit Card,Cancelled,N/A
ORD-2026-1189,2025-06-15,North America,Electronics,UltraSlim Laptop 15,899.99,4,0.0,3599.96,0.0,3599.96,PayPal,Delivered,N/A
ORD-2026-1190,2025-06-16,North America,Electronics,Ergonomic Mechanical Keyboard,129.99,2,0.0,259.98,0.0,259.98,Credit Card,Delivered,N/A
ORD-2026-1191,2025-06-17,Latin America,Apparel,Organic Cotton Hoodie,59.99,2,0.05,119.98,6.0,113.98,PayPal,Delivered,N/A
ORD-2026-1192,2025-06-18,Latin America,Apparel,Thermal Base Layer Set,49.99,3,0.0,149.97,0.0,149.97,PayPal,Delivered,N/A
ORD-2026-1193,2025-06-19,Asia-Pacific,Electronics,UltraSlim Laptop 15,899.99,3,0.0,2699.97,0.0,2699.97,Apple Pay,Delivered,N/A
ORD-2026-1194,2025-06-20,North America,Electronics,Ergonomic Mechanical Keyboard,129.99,4,0.05,519.96,26.0,493.96,Credit Card,Delivered,N/A
ORD-2026-1195,2025-06-21,North America,Home & Kitchen,Air Fryer XL 5.5L,119.99,2,0.0,239.98,0.0,239.98,Credit Card,Delivered,N/A
ORD-2026-1196,2025-06-22,Asia-Pacific,Electronics,Smartwatch Pro,249.99,2,0.0,499.98,0.0,499.98,Debit Card,Delivered,N/A
ORD-2026-1197,2025-06-22,Latin America,Apparel,Organic Cotton Hoodie,59.99,2,0.0,119.98,0.0,119.98,Credit Card,Delivered,N/A
ORD-2026-1198,2025-06-23,Latin America,Electronics,Smartwatch Pro,249.99,2,0.15,499.98,75.0,424.98,PayPal,Delivered,N/A
ORD-2026-1199,2025-06-24,Asia-Pacific,Apparel,Thermal Base Layer Set,49.99,2,0.05,99.98,5.0,94.98,PayPal,In Transit,N/A
ORD-2026-1200,2025-06-25,Asia-Pacific,Apparel,Organic Cotton Hoodie,59.99,1,0.0,59.99,0.0,59.99,Apple Pay,Delivered,N/A
ORD-2026-1201,2025-06-26,North America,Electronics,Ergonomic Mechanical Keyboard,129.99,3,0.0,389.97,0.0,389.97,PayPal,Delivered,N/A
ORD-2026-1202,2025-06-27,North America,Electronics,Wireless Noise-Canceling Headphones,199.99,1,0.2,199.99,40.0,159.99,PayPal,Delivered,N/A
ORD-2026-1203,2025-06-28,Latin America,Electronics,UltraSlim Laptop 15,899.99,2,0.05,1799.98,90.0,1709.98,Credit Card,Returned,Late Delivery
ORD-2026-1204,2025-06-29,Asia-Pacific,Electronics,"4K Smart Monitor 27""",349.99,4,0.0,1399.96,0.0,1399.96,Credit Card,Returned,Buyer Remorse
ORD-2026-1205,2025-06-29,North America,Fitness & Sports,Yoga Mat & Block Bundle,34.99,4,0.15,139.96,20.99,118.97,Credit Card,Returned,Buyer Remorse
ORD-2026-1206,2025-06-30,North America,Electronics,Wireless Noise-Canceling Headphones,199.99,2,0.0,399.98,0.0,399.98,Credit Card,In Transit,N/A
ORD-2026-1207,2025-07-01,Asia-Pacific,Home & Kitchen,Robot Vacuum Cleaner,249.99,2,0.05,499.98,25.0,474.98,PayPal,Delivered,N/A
ORD-2026-1208,2025-07-02,North America,Electronics,Ergonomic Mechanical Keyboard,129.99,4,0.05,519.96,26.0,493.96,Debit Card,Returned,Defective Item
ORD-2026-1209,2025-07-03,North America,Home & Kitchen,Air Fryer XL 5.5L,119.99,1,0.0,119.99,0.0,119.99,PayPal,Delivered,N/A
ORD-2026-1210,2025-07-04,Europe,Home & Kitchen,Stainless Steel Cookware Set,179.99,1,0.2,179.99,36.0,143.99,Debit Card,Delivered,N/A
ORD-2026-1211,2025-07-05,Asia-Pacific,Apparel,Waterproof Outdoor Jacket,149.99,2,0.1,299.98,30.0,269.98,Bank Transfer,Cancelled,N/A
ORD-2026-1212,2025-07-06,Asia-Pacific,Apparel,Thermal Base Layer Set,49.99,1,0.05,49.99,2.5,47.49,Debit Card,Delivered,N/A
ORD-2026-1213,2025-07-06,North America,Apparel,Thermal Base Layer Set,49.99,4,0.0,199.96,0.0,199.96,PayPal,Delivered,N/A
ORD-2026-1214,2025-07-07,Asia-Pacific,Electronics,Smartwatch Pro,249.99,1,0.0,249.99,0.0,249.99,PayPal,Delivered,N/A
ORD-2026-1215,2025-07-08,North America,Fitness & Sports,Yoga Mat & Block Bundle,34.99,2,0.0,69.98,0.0,69.98,Credit Card,Delivered,N/A
ORD-2026-1216,2025-07-09,North America,Home & Kitchen,Smart LED Desk Lamp,39.99,4,0.1,159.96,16.0,143.96,Credit Card,Delivered,N/A
ORD-2026-1217,2025-07-10,Asia-Pacific,Fitness & Sports,GPS Fitness Tracker,129.99,1,0.0,129.99,0.0,129.99,Credit Card,Delivered,N/A
ORD-2026-1218,2025-07-11,Asia-Pacific,Electronics,UltraSlim Laptop 15,899.99,3,0.05,2699.97,135.0,2564.97,Apple Pay,Delivered,N/A
ORD-2026-1219,2025-07-12,Latin America,Home & Kitchen,Espresso Coffee Machine,299.99,4,0.1,1199.96,120.0,1079.96,Debit Card,Delivered,N/A
ORD-2026-1220,2025-07-13,Asia-Pacific,Fitness & Sports,Adjustable Dumbbell Set,219.99,4,0.0,879.96,0.0,879.96,Credit Card,Returned,Late Delivery
ORD-2026-1221,2025-07-13,Europe,Electronics,Wireless Noise-Canceling Headphones,199.99,3,0.05,599.97,30.0,569.97,PayPal,Delivered,N/A
ORD-2026-1222,2025-07-14,North America,Electronics,Smartwatch Pro,249.99,3,0.0,749.97,0.0,749.97,Debit Card,Delivered,N/A
ORD-2026-1223,2025-07-15,Europe,Home & Kitchen,Smart LED Desk Lamp,39.99,4,0.2,159.96,31.99,127.97,Credit Card,Returned,Wrong Size
ORD-2026-1224,2025-07-16,North America,Apparel,Organic Cotton Hoodie,59.99,3,0.0,179.97,0.0,179.97,Credit Card,Returned,Defective Item
ORD-2026-1225,2025-07-17,North America,Home & Kitchen,Robot Vacuum Cleaner,249.99,2,0.0,499.98,0.0,499.98,Apple Pay,Delivered,N/A
ORD-2026-1226,2025-07-18,Middle East & Africa,Electronics,Wireless Noise-Canceling Headphones,199.99,2,0.0,399.98,0.0,399.98,Credit Card,Delivered,N/A
ORD-2026-1227,2025-07-19,Europe,Home & Kitchen,Espresso Coffee Machine,299.99,2,0.0,599.98,0.0,599.98,Credit Card,Returned,Defective Item
ORD-2026-1228,2025-07-20,Latin America,Electronics,Wireless Noise-Canceling Headphones,199.99,4,0.1,799.96,80.0,719.96,PayPal,Returned,Not as Described
ORD-2026-1229,2025-07-21,Asia-Pacific,Electronics,Smartwatch Pro,249.99,3,0.1,749.97,75.0,674.97,Apple Pay,Delivered,N/A
ORD-2026-1230,2025-07-21,Asia-Pacific,Electronics,Smartwatch Pro,249.99,3,0.05,749.97,37.5,712.47,PayPal,Delivered,N/A
ORD-2026-1231,2025-07-22,Europe,Home & Kitchen,Smart LED Desk Lamp,39.99,1,0.0,39.99,0.0,39.99,Credit Card,Delivered,N/A
ORD-2026-1232,2025-07-23,Europe,Home & Kitchen,Smart LED Desk Lamp,39.99,1,0.0,39.99,0.0,39.99,Credit Card,Delivered,N/A
ORD-2026-1233,2025-07-24,Europe,Apparel,Slim-Fit Denim Jeans,69.99,3,0.0,209.97,0.0,209.97,PayPal,Delivered,N/A
ORD-2026-1234,2025-07-25,North America,Apparel,Slim-Fit Denim Jeans,69.99,3,0.05,209.97,10.5,199.47,PayPal,Delivered,N/A
ORD-2026-1235,2025-07-26,Asia-Pacific,Fitness & Sports,Resistance Bands Set,24.99,3,0.15,74.97,11.25,63.72,Debit Card,Delivered,N/A
ORD-2026-1236,2025-07-27,North America,Apparel,Waterproof Outdoor Jacket,149.99,4,0.0,599.96,0.0,599.96,Credit Card,Delivered,N/A
ORD-2026-1237,2025-07-28,North America,Home & Kitchen,Stainless Steel Cookware Set,179.99,3,0.0,539.97,0.0,539.97,Apple Pay,Delivered,N/A
ORD-2026-1238,2025-07-28,Asia-Pacific,Apparel,Organic Cotton Hoodie,59.99,1,0.05,59.99,3.0,56.99,Credit Card,Returned,Not as Described
ORD-2026-1239,2025-07-29,North America,Apparel,Performance Running Shoes,119.99,4,0.1,479.96,48.0,431.96,Credit Card,Delivered,N/A
ORD-2026-1240,2025-07-30,Middle East & Africa,Apparel,Slim-Fit Denim Jeans,69.99,3,0.1,209.97,21.0,188.97,Credit Card,Delivered,N/A
ORD-2026-1241,2025-07-31,Middle East & Africa,Electronics,UltraSlim Laptop 15,899.99,1,0.15,899.99,135.0,764.99,Credit Card,Returned,Not as Described
ORD-2026-1242,2025-08-01,Latin America,Home & Kitchen,Air Fryer XL 5.5L,119.99,4,0.0,479.96,0.0,479.96,PayPal,Delivered,N/A
ORD-2026-1243,2025-08-02,Europe,Apparel,Performance Running Shoes,119.99,3,0.0,359.97,0.0,359.97,PayPal,Delivered,N/A
ORD-2026-1244,2025-08-03,North America,Electronics,Wireless Noise-Canceling Headphones,199.99,3,0.15,599.97,90.0,509.97,Credit Card,Delivered,N/A
ORD-2026-1245,2025-08-04,Middle East & Africa,Fitness & Sports,GPS Fitness Tracker,129.99,3,0.05,389.97,19.5,370.47,PayPal,Delivered,N/A
ORD-2026-1246,2025-08-04,Europe,Apparel,Waterproof Outdoor Jacket,149.99,4,0.0,599.96,0.0,599.96,Credit Card,Returned,Defective Item
ORD-2026-1247,2025-08-05,Middle East & Africa,Apparel,Waterproof Outdoor Jacket,149.99,1,0.1,149.99,15.0,134.99,Debit Card,Delivered,N/A
ORD-2026-1248,2025-08-06,Middle East & Africa,Fitness & Sports,Hydration Backpack,44.99,1,0.1,44.99,4.5,40.49,Apple Pay,Delivered,N/A
ORD-2026-1249,2025-08-07,Latin America,Home & Kitchen,Stainless Steel Cookware Set,179.99,2,0.05,359.98,18.0,341.98,Credit Card,Delivered,N/A
ORD-2026-1250,2025-08-08,North America,Electronics,Smartwatch Pro,249.99,3,0.05,749.97,37.5,712.47,PayPal,Delivered,N/A
ORD-2026-1251,2025-08-09,Europe,Fitness & Sports,GPS Fitness Tracker,129.99,2,0.0,259.98,0.0,259.98,Credit Card,Cancelled,N/A
ORD-2026-1252,2025-08-10,Latin America,Home & Kitchen,Robot Vacuum Cleaner,249.99,2,0.05,499.98,25.0,474.98,Credit Card,Delivered,N/A
ORD-2026-1253,2025-08-11,North America,Electronics,Smartwatch Pro,249.99,1,0.05,249.99,12.5,237.49,Credit Card,Delivered,N/A
ORD-2026-1254,2025-08-11,North America,Electronics,Ergonomic Mechanical Keyboard,129.99,4,0.1,519.96,52.0,467.96,Debit Card,Delivered,N/A
ORD-2026-1255,2025-08-12,Europe,Home & Kitchen,Stainless Steel Cookware Set,179.99,4,0.1,719.96,72.0,647.96,PayPal,Delivered,N/A
ORD-2026-1256,2025-08-13,Middle East & Africa,Home & Kitchen,Smart LED Desk Lamp,39.99,1,0.1,39.99,4.0,35.99,Credit Card,Delivered,N/A
ORD-2026-1257,2025-08-14,Asia-Pacific,Apparel,Organic Cotton Hoodie,59.99,4,0.0,239.96,0.0,239.96,Debit Card,Delivered,N/A
ORD-2026-1258,2025-08-15,Europe,Fitness & Sports,Adjustable Dumbbell Set,219.99,2,0.1,439.98,44.0,395.98,PayPal,Delivered,N/A
ORD-2026-1259,2025-08-16,North America,Home & Kitchen,Robot Vacuum Cleaner,249.99,3,0.1,749.97,75.0,674.97,Debit Card,Delivered,N/A
ORD-2026-1260,2025-08-17,Asia-Pacific,Electronics,"4K Smart Monitor 27""",349.99,1,0.05,349.99,17.5,332.49,PayPal,Delivered,N/A
ORD-2026-1261,2025-08-18,Middle East & Africa,Electronics,Wireless Noise-Canceling Headphones,199.99,3,0.1,599.97,60.0,539.97,PayPal,Delivered,N/A
ORD-2026-1262,2025-08-18,North America,Electronics,Wireless Noise-Canceling Headphones,199.99,4,0.1,799.96,80.0,719.96,Credit Card,Delivered,N/A
ORD-2026-1263,2025-08-19,Europe,Home & Kitchen,Air Fryer XL 5.5L,119.99,3,0.0,359.97,0.0,359.97,Credit Card,Returned,Wrong Size
ORD-2026-1264,2025-08-20,Latin America,Electronics,Wireless Noise-Canceling Headphones,199.99,4,0.05,799.96,40.0,759.96,Bank Transfer,Delivered,N/A
ORD-2026-1265,2025-08-21,Asia-Pacific,Apparel,Thermal Base Layer Set,49.99,4,0.0,199.96,0.0,199.96,Credit Card,Delivered,N/A
ORD-2026-1266,2025-08-22,Asia-Pacific,Home & Kitchen,Stainless Steel Cookware Set,179.99,2,0.0,359.98,0.0,359.98,Bank Transfer,Delivered,N/A
ORD-2026-1267,2025-08-23,Asia-Pacific,Fitness & Sports,Adjustable Dumbbell Set,219.99,4,0.05,879.96,44.0,835.96,PayPal,Delivered,N/A
ORD-2026-1268,2025-08-24,Europe,Electronics,"4K Smart Monitor 27""",349.99,2,0.1,699.98,70.0,629.98,Credit Card,Delivered,N/A
ORD-2026-1269,2025-08-25,North America,Home & Kitchen,Smart LED Desk Lamp,39.99,2,0.0,79.98,0.0,79.98,Credit Card,Delivered,N/A
ORD-2026-1270,2025-08-25,Latin America,Electronics,UltraSlim Laptop 15,899.99,2,0.0,1799.98,0.0,1799.98,Credit Card,Delivered,N/A
ORD-2026-1271,2025-08-26,Latin America,Home & Kitchen,Smart LED Desk Lamp,39.99,1,0.05,39.99,2.0,37.99,Apple Pay,Delivered,N/A
ORD-2026-1272,2025-08-27,Latin America,Electronics,Ergonomic Mechanical Keyboard,129.99,1,0.0,129.99,0.0,129.99,Credit Card,Returned,Buyer Remorse
ORD-2026-1273,2025-08-28,Latin America,Apparel,Organic Cotton Hoodie,59.99,4,0.0,239.96,0.0,239.96,Credit Card,Delivered,N/A
ORD-2026-1274,2025-08-29,Europe,Home & Kitchen,Stainless Steel Cookware Set,179.99,2,0.0,359.98,0.0,359.98,Credit Card,Delivered,N/A
ORD-2026-1275,2025-08-30,Europe,Electronics,Wireless Noise-Canceling Headphones,199.99,1,0.0,199.99,0.0,199.99,Credit Card,Delivered,N/A
ORD-2026-1276,2025-08-31,Asia-Pacific,Electronics,Smartwatch Pro,249.99,2,0.0,499.98,0.0,499.98,PayPal,Delivered,N/A
ORD-2026-1277,2025-09-01,Asia-Pacific,Home & Kitchen,Robot Vacuum Cleaner,249.99,3,0.0,749.97,0.0,749.97,Credit Card,Delivered,N/A
ORD-2026-1278,2025-09-02,Asia-Pacific,Home & Kitchen,Robot Vacuum Cleaner,249.99,3,0.0,749.97,0.0,749.97,Debit Card,In Transit,N/A
ORD-2026-1279,2025-09-02,Asia-Pacific,Home & Kitchen,Robot Vacuum Cleaner,249.99,3,0.15,749.97,112.5,637.47,Credit Card,Delivered,N/A
ORD-2026-1280,2025-09-03,Latin America,Home & Kitchen,Espresso Coffee Machine,299.99,4,0.05,1199.96,60.0,1139.96,Credit Card,Delivered,N/A
ORD-2026-1281,2025-09-04,North America,Apparel,Slim-Fit Denim Jeans,69.99,2,0.1,139.98,14.0,125.98,PayPal,Delivered,N/A
ORD-2026-1282,2025-09-05,Europe,Electronics,Smartwatch Pro,249.99,3,0.0,749.97,0.0,749.97,Credit Card,Delivered,N/A
ORD-2026-1283,2025-09-06,North America,Electronics,Ergonomic Mechanical Keyboard,129.99,1,0.0,129.99,0.0,129.99,Bank Transfer,Delivered,N/A
ORD-2026-1284,2025-09-07,Europe,Electronics,Ergonomic Mechanical Keyboard,129.99,3,0.1,389.97,39.0,350.97,PayPal,Delivered,N/A
ORD-2026-1285,2025-09-08,North America,Fitness & Sports,Hydration Backpack,44.99,3,0.0,134.97,0.0,134.97,Credit Card,Delivered,N/A
ORD-2026-1286,2025-09-09,Europe,Apparel,Organic Cotton Hoodie,59.99,3,0.0,179.97,0.0,179.97,PayPal,Delivered,N/A
ORD-2026-1287,2025-09-09,Europe,Apparel,Slim-Fit Denim Jeans,69.99,4,0.05,279.96,14.0,265.96,Credit Card,Delivered,N/A
ORD-2026-1288,2025-09-10,North America,Apparel,Organic Cotton Hoodie,59.99,1,0.05,59.99,3.0,56.99,Credit Card,Delivered,N/A
ORD-2026-1289,2025-09-11,Europe,Fitness & Sports,Adjustable Dumbbell Set,219.99,2,0.0,439.98,0.0,439.98,Bank Transfer,Delivered,N/A
ORD-2026-1290,2025-09-12,North America,Electronics,Ergonomic Mechanical Keyboard,129.99,1,0.0,129.99,0.0,129.99,Debit Card,Delivered,N/A
ORD-2026-1291,2025-09-13,North America,Apparel,Organic Cotton Hoodie,59.99,2,0.05,119.98,6.0,113.98,Bank Transfer,Delivered,N/A
ORD-2026-1292,2025-09-14,Latin America,Apparel,Organic Cotton Hoodie,59.99,4,0.0,239.96,0.0,239.96,PayPal,Delivered,N/A
ORD-2026-1293,2025-09-15,Europe,Home & Kitchen,Espresso Coffee Machine,299.99,4,0.05,1199.96,60.0,1139.96,PayPal,Delivered,N/A
ORD-2026-1294,2025-09-16,North America,Electronics,Wireless Noise-Canceling Headphones,199.99,4,0.1,799.96,80.0,719.96,Credit Card,Cancelled,N/A
ORD-2026-1295,2025-09-16,Europe,Fitness & Sports,Resistance Bands Set,24.99,4,0.2,99.96,19.99,79.97,Credit Card,Delivered,N/A
ORD-2026-1296,2025-09-17,Asia-Pacific,Fitness & Sports,Yoga Mat & Block Bundle,34.99,2,0.0,69.98,0.0,69.98,Debit Card,Delivered,N/A
ORD-2026-1297,2025-09-18,North America,Apparel,Thermal Base Layer Set,49.99,3,0.1,149.97,15.0,134.97,Credit Card,Delivered,N/A
ORD-2026-1298,2025-09-19,Asia-Pacific,Home & Kitchen,Robot Vacuum Cleaner,249.99,2,0.05,499.98,25.0,474.98,Debit Card,Delivered,N/A
ORD-2026-1299,2025-09-20,North America,Fitness & Sports,Adjustable Dumbbell Set,219.99,1,0.0,219.99,0.0,219.99,Debit Card,Delivered,N/A
ORD-2026-1300,2025-09-21,North America,Home & Kitchen,Espresso Coffee Machine,299.99,4,0.0,1199.96,0.0,1199.96,Credit Card,Delivered,N/A
ORD-2026-1301,2025-09-22,Europe,Electronics,Smartwatch Pro,249.99,4,0.1,999.96,100.0,899.96,PayPal,In Transit,N/A
ORD-2026-1302,2025-09-23,Europe,Apparel,Waterproof Outdoor Jacket,149.99,1,0.0,149.99,0.0,149.99,PayPal,Delivered,N/A
ORD-2026-1303,2025-09-23,Asia-Pacific,Home & Kitchen,Stainless Steel Cookware Set,179.99,2,0.0,359.98,0.0,359.98,Credit Card,Delivered,N/A
ORD-2026-1304,2025-09-24,Asia-Pacific,Apparel,Organic Cotton Hoodie,59.99,3,0.0,179.97,0.0,179.97,Debit Card,Delivered,N/A
ORD-2026-1305,2025-09-25,Middle East & Africa,Home & Kitchen,Stainless Steel Cookware Set,179.99,3,0.1,539.97,54.0,485.97,PayPal,Delivered,N/A
ORD-2026-1306,2025-09-26,Europe,Fitness & Sports,Adjustable Dumbbell Set,219.99,1,0.1,219.99,22.0,197.99,Credit Card,Delivered,N/A
ORD-2026-1307,2025-09-27,North America,Fitness & Sports,Adjustable Dumbbell Set,219.99,3,0.1,659.97,66.0,593.97,PayPal,Delivered,N/A
ORD-2026-1308,2025-09-28,Asia-Pacific,Apparel,Thermal Base Layer Set,49.99,2,0.0,99.98,0.0,99.98,Bank Transfer,Delivered,N/A
ORD-2026-1309,2025-09-29,North America,Electronics,Ergonomic Mechanical Keyboard,129.99,2,0.0,259.98,0.0,259.98,Credit Card,Returned,Not as Described
ORD-2026-1310,2025-09-30,Europe,Fitness & Sports,GPS Fitness Tracker,129.99,1,0.05,129.99,6.5,123.49,Debit Card,Delivered,N/A
ORD-2026-1311,2025-09-30,North America,Home & Kitchen,Air Fryer XL 5.5L,119.99,2,0.0,239.98,0.0,239.98,Credit Card,Delivered,N/A
ORD-2026-1312,2025-10-01,North America,Electronics,Smartwatch Pro,249.99,4,0.0,999.96,0.0,999.96,Debit Card,Delivered,N/A
ORD-2026-1313,2025-10-02,Middle East & Africa,Fitness & Sports,GPS Fitness Tracker,129.99,1,0.05,129.99,6.5,123.49,Debit Card,Delivered,N/A
ORD-2026-1314,2025-10-03,Latin America,Fitness & Sports,Hydration Backpack,44.99,2,0.2,89.98,18.0,71.98,Credit Card,Delivered,N/A
ORD-2026-1315,2025-10-04,Asia-Pacific,Apparel,Slim-Fit Denim Jeans,69.99,1,0.1,69.99,7.0,62.99,Credit Card,Delivered,N/A
ORD-2026-1316,2025-10-05,Europe,Apparel,Thermal Base Layer Set,49.99,3,0.1,149.97,15.0,134.97,Debit Card,Delivered,N/A
ORD-2026-1317,2025-10-06,North America,Apparel,Slim-Fit Denim Jeans,69.99,2,0.2,139.98,28.0,111.98,PayPal,Delivered,N/A
ORD-2026-1318,2025-10-07,North America,Electronics,Wireless Noise-Canceling Headphones,199.99,4,0.0,799.96,0.0,799.96,Debit Card,Delivered,N/A
ORD-2026-1319,2025-10-08,North America,Electronics,"4K Smart Monitor 27""",349.99,2,0.05,699.98,35.0,664.98,Credit Card,Delivered,N/A
ORD-2026-1320,2025-10-08,Europe,Home & Kitchen,Stainless Steel Cookware Set,179.99,1,0.2,179.99,36.0,143.99,Apple Pay,Delivered,N/A
ORD-2026-1321,2025-10-09,Asia-Pacific,Electronics,UltraSlim Laptop 15,899.99,1,0.0,899.99,0.0,899.99,Debit Card,Delivered,N/A
ORD-2026-1322,2025-10-10,Asia-Pacific,Electronics,UltraSlim Laptop 15,899.99,2,0.1,1799.98,180.0,1619.98,Apple Pay,Delivered,N/A
ORD-2026-1323,2025-10-11,North America,Apparel,Slim-Fit Denim Jeans,69.99,4,0.05,279.96,14.0,265.96,Credit Card,Delivered,N/A
ORD-2026-1324,2025-10-12,Middle East & Africa,Apparel,Slim-Fit Denim Jeans,69.99,4,0.05,279.96,14.0,265.96,PayPal,Delivered,N/A
ORD-2026-1325,2025-10-13,Asia-Pacific,Fitness & Sports,Resistance Bands Set,24.99,4,0.05,99.96,5.0,94.96,PayPal,Delivered,N/A
ORD-2026-1326,2025-10-14,Europe,Electronics,UltraSlim Laptop 15,899.99,1,0.15,899.99,135.0,764.99,Credit Card,Returned,Wrong Size
ORD-2026-1327,2025-10-15,Asia-Pacific,Electronics,UltraSlim Laptop 15,899.99,2,0.1,1799.98,180.0,1619.98,PayPal,Delivered,N/A
ORD-2026-1328,2025-10-15,Europe,Home & Kitchen,Stainless Steel Cookware Set,179.99,3,0.0,539.97,0.0,539.97,Credit Card,Delivered,N/A
ORD-2026-1329,2025-10-16,North America,Apparel,Thermal Base Layer Set,49.99,1,0.15,49.99,7.5,42.49,Debit Card,Delivered,N/A
ORD-2026-1330,2025-10-17,Europe,Electronics,Ergonomic Mechanical Keyboard,129.99,4,0.0,519.96,0.0,519.96,PayPal,Delivered,N/A
ORD-2026-1331,2025-10-18,Asia-Pacific,Apparel,Waterproof Outdoor Jacket,149.99,2,0.0,299.98,0.0,299.98,Credit Card,Delivered,N/A
ORD-2026-1332,2025-10-19,North America,Electronics,"4K Smart Monitor 27""",349.99,4,0.0,1399.96,0.0,1399.96,PayPal,Returned,Late Delivery
ORD-2026-1333,2025-10-20,North America,Electronics,Ergonomic Mechanical Keyboard,129.99,3,0.0,389.97,0.0,389.97,PayPal,Delivered,N/A
ORD-2026-1334,2025-10-21,North America,Apparel,Performance Running Shoes,119.99,4,0.0,479.96,0.0,479.96,Credit Card,Delivered,N/A
ORD-2026-1335,2025-10-22,North America,Apparel,Thermal Base Layer Set,49.99,4,0.15,199.96,29.99,169.97,Bank Transfer,Delivered,N/A
ORD-2026-1336,2025-10-22,Latin America,Fitness & Sports,Yoga Mat & Block Bundle,34.99,3,0.1,104.97,10.5,94.47,Apple Pay,Delivered,N/A
ORD-2026-1337,2025-10-23,Asia-Pacific,Apparel,Waterproof Outdoor Jacket,149.99,2,0.05,299.98,15.0,284.98,PayPal,Delivered,N/A
ORD-2026-1338,2025-10-24,Europe,Apparel,Organic Cotton Hoodie,59.99,1,0.0,59.99,0.0,59.99,Credit Card,Delivered,N/A
ORD-2026-1339,2025-10-25,North America,Home & Kitchen,Smart LED Desk Lamp,39.99,2,0.15,79.98,12.0,67.98,Debit Card,Delivered,N/A
ORD-2026-1340,2025-10-26,Europe,Electronics,UltraSlim Laptop 15,899.99,3,0.15,2699.97,405.0,2294.97,PayPal,Delivered,N/A
ORD-2026-1341,2025-10-27,Europe,Home & Kitchen,Espresso Coffee Machine,299.99,4,0.1,1199.96,120.0,1079.96,Credit Card,Delivered,N/A
ORD-2026-1342,2025-10-28,North America,Electronics,Smartwatch Pro,249.99,2,0.0,499.98,0.0,499.98,PayPal,Delivered,N/A
ORD-2026-1343,2025-10-29,Europe,Fitness & Sports,Adjustable Dumbbell Set,219.99,1,0.0,219.99,0.0,219.99,PayPal,In Transit,N/A
ORD-2026-1344,2025-10-29,Europe,Electronics,"4K Smart Monitor 27""",349.99,3,0.0,1049.97,0.0,1049.97,PayPal,Delivered,N/A
ORD-2026-1345,2025-10-30,Asia-Pacific,Apparel,Organic Cotton Hoodie,59.99,2,0.0,119.98,0.0,119.98,Credit Card,Cancelled,N/A
ORD-2026-1346,2025-10-31,Asia-Pacific,Electronics,UltraSlim Laptop 15,899.99,1,0.0,899.99,0.0,899.99,PayPal,Delivered,N/A
ORD-2026-1347,2025-11-01,North America,Fitness & Sports,Adjustable Dumbbell Set,219.99,3,0.15,659.97,99.0,560.97,Apple Pay,Returned,Not as Described
ORD-2026-1348,2025-11-02,Europe,Apparel,Slim-Fit Denim Jeans,69.99,1,0.0,69.99,0.0,69.99,Credit Card,Delivered,N/A
ORD-2026-1349,2025-11-03,Asia-Pacific,Apparel,Performance Running Shoes,119.99,3,0.0,359.97,0.0,359.97,Debit Card,Delivered,N/A
ORD-2026-1350,2025-11-04,Europe,Electronics,Smartwatch Pro,249.99,4,0.0,999.96,0.0,999.96,Apple Pay,Delivered,N/A
ORD-2026-1351,2025-11-05,Latin America,Home & Kitchen,Stainless Steel Cookware Set,179.99,2,0.0,359.98,0.0,359.98,PayPal,Delivered,N/A
ORD-2026-1352,2025-11-05,Asia-Pacific,Electronics,UltraSlim Laptop 15,899.99,1,0.0,899.99,0.0,899.99,Credit Card,Delivered,N/A
ORD-2026-1353,2025-11-06,North America,Fitness & Sports,Yoga Mat & Block Bundle,34.99,3,0.0,104.97,0.0,104.97,PayPal,Delivered,N/A
ORD-2026-1354,2025-11-07,North America,Electronics,Wireless Noise-Canceling Headphones,199.99,1,0.0,199.99,0.0,199.99,PayPal,Delivered,N/A
ORD-2026-1355,2025-11-08,Asia-Pacific,Electronics,Smartwatch Pro,249.99,1,0.1,249.99,25.0,224.99,Debit Card,Delivered,N/A
ORD-2026-1356,2025-11-09,North America,Electronics,UltraSlim Laptop 15,899.99,2,0.2,1799.98,360.0,1439.98,PayPal,Cancelled,N/A
ORD-2026-1357,2025-11-10,Europe,Apparel,Waterproof Outdoor Jacket,149.99,4,0.0,599.96,0.0,599.96,Bank Transfer,Returned,Buyer Remorse
ORD-2026-1358,2025-11-11,Middle East & Africa,Apparel,Performance Running Shoes,119.99,1,0.0,119.99,0.0,119.99,Credit Card,In Transit,N/A
ORD-2026-1359,2025-11-12,Europe,Electronics,UltraSlim Laptop 15,899.99,3,0.1,2699.97,270.0,2429.97,Credit Card,Delivered,N/A
ORD-2026-1360,2025-11-12,Europe,Home & Kitchen,Espresso Coffee Machine,299.99,3,0.0,899.97,0.0,899.97,PayPal,Delivered,N/A
ORD-2026-1361,2025-11-13,Asia-Pacific,Apparel,Thermal Base Layer Set,49.99,4,0.0,199.96,0.0,199.96,Credit Card,Delivered,N/A
ORD-2026-1362,2025-11-14,Europe,Apparel,Performance Running Shoes,119.99,3,0.15,359.97,54.0,305.97,Credit Card,Delivered,N/A
ORD-2026-1363,2025-11-15,Europe,Apparel,Thermal Base Layer Set,49.99,4,0.0,199.96,0.0,199.96,Credit Card,Delivered,N/A
ORD-2026-1364,2025-11-16,Middle East & Africa,Apparel,Slim-Fit Denim Jeans,69.99,3,0.05,209.97,10.5,199.47,Credit Card,Delivered,N/A
ORD-2026-1365,2025-11-17,Europe,Apparel,Waterproof Outdoor Jacket,149.99,2,0.05,299.98,15.0,284.98,Credit Card,Delivered,N/A
ORD-2026-1366,2025-11-18,Middle East & Africa,Electronics,Wireless Noise-Canceling Headphones,199.99,1,0.0,199.99,0.0,199.99,Bank Transfer,Delivered,N/A
ORD-2026-1367,2025-11-19,Latin America,Electronics,Wireless Noise-Canceling Headphones,199.99,2,0.0,399.98,0.0,399.98,Credit Card,Cancelled,N/A
ORD-2026-1368,2025-11-20,North America,Fitness & Sports,Yoga Mat & Block Bundle,34.99,1,0.1,34.99,3.5,31.49,Debit Card,Delivered,N/A
ORD-2026-1369,2025-11-20,North America,Fitness & Sports,Yoga Mat & Block Bundle,34.99,1,0.0,34.99,0.0,34.99,Debit Card,Returned,Late Delivery
ORD-2026-1370,2025-11-21,North America,Apparel,Waterproof Outdoor Jacket,149.99,1,0.0,149.99,0.0,149.99,Apple Pay,Delivered,N/A
ORD-2026-1371,2025-11-22,North America,Electronics,Wireless Noise-Canceling Headphones,199.99,2,0.1,399.98,40.0,359.98,Credit Card,Delivered,N/A
ORD-2026-1372,2025-11-23,North America,Home & Kitchen,Stainless Steel Cookware Set,179.99,1,0.05,179.99,9.0,170.99,Apple Pay,Delivered,N/A
ORD-2026-1373,2025-11-24,Asia-Pacific,Apparel,Performance Running Shoes,119.99,2,0.0,239.98,0.0,239.98,PayPal,Delivered,N/A
ORD-2026-1374,2025-11-25,North America,Electronics,"4K Smart Monitor 27""",349.99,4,0.15,1399.96,209.99,1189.97,PayPal,Delivered,N/A
ORD-2026-1375,2025-11-26,North America,Electronics,Ergonomic Mechanical Keyboard,129.99,3,0.0,389.97,0.0,389.97,PayPal,Delivered,N/A
ORD-2026-1376,2025-11-27,Latin America,Home & Kitchen,Robot Vacuum Cleaner,249.99,3,0.1,749.97,75.0,674.97,Debit Card,Delivered,N/A
ORD-2026-1377,2025-11-27,North America,Home & Kitchen,Robot Vacuum Cleaner,249.99,1,0.1,249.99,25.0,224.99,Credit Card,Delivered,N/A
ORD-2026-1378,2025-11-28,Latin America,Electronics,UltraSlim Laptop 15,899.99,2,0.05,1799.98,90.0,1709.98,Debit Card,Delivered,N/A
ORD-2026-1379,2025-11-29,North America,Electronics,UltraSlim Laptop 15,899.99,3,0.0,2699.97,0.0,2699.97,PayPal,In Transit,N/A
ORD-2026-1380,2025-11-30,North America,Electronics,UltraSlim Laptop 15,899.99,2,0.2,1799.98,360.0,1439.98,Debit Card,Delivered,N/A
ORD-2026-1381,2025-12-01,Asia-Pacific,Home & Kitchen,Air Fryer XL 5.5L,119.99,2,0.0,239.98,0.0,239.98,Bank Transfer,Delivered,N/A
ORD-2026-1382,2025-12-02,Asia-Pacific,Electronics,Smartwatch Pro,249.99,1,0.1,249.99,25.0,224.99,Credit Card,Delivered,N/A
ORD-2026-1383,2025-12-03,Latin America,Electronics,Wireless Noise-Canceling Headphones,199.99,3,0.0,599.97,0.0,599.97,Bank Transfer,Delivered,N/A
ORD-2026-1384,2025-12-04,Asia-Pacific,Home & Kitchen,Stainless Steel Cookware Set,179.99,1,0.0,179.99,0.0,179.99,Credit Card,Delivered,N/A
ORD-2026-1385,2025-12-04,Latin America,Electronics,Smartwatch Pro,249.99,1,0.0,249.99,0.0,249.99,Credit Card,Delivered,N/A
ORD-2026-1386,2025-12-05,North America,Home & Kitchen,Robot Vacuum Cleaner,249.99,3,0.15,749.97,112.5,637.47,Credit Card,In Transit,N/A
ORD-2026-1387,2025-12-06,North America,Electronics,"4K Smart Monitor 27""",349.99,3,0.2,1049.97,209.99,839.98,Credit Card,Delivered,N/A
ORD-2026-1388,2025-12-07,Asia-Pacific,Electronics,Smartwatch Pro,249.99,4,0.0,999.96,0.0,999.96,PayPal,Cancelled,N/A
ORD-2026-1389,2025-12-08,Latin America,Electronics,Smartwatch Pro,249.99,4,0.0,999.96,0.0,999.96,Credit Card,Returned,Late Delivery
ORD-2026-1390,2025-12-09,Middle East & Africa,Home & Kitchen,Air Fryer XL 5.5L,119.99,2,0.1,239.98,24.0,215.98,Credit Card,Delivered,N/A
ORD-2026-1391,2025-12-10,Europe,Fitness & Sports,Yoga Mat & Block Bundle,34.99,3,0.0,104.97,0.0,104.97,Apple Pay,Delivered,N/A
ORD-2026-1392,2025-12-11,Europe,Home & Kitchen,Robot Vacuum Cleaner,249.99,4,0.0,999.96,0.0,999.96,Debit Card,In Transit,N/A
ORD-2026-1393,2025-12-11,Asia-Pacific,Apparel,Performance Running Shoes,119.99,2,0.05,239.98,12.0,227.98,Debit Card,Delivered,N/A
ORD-2026-1394,2025-12-12,North America,Home & Kitchen,Stainless Steel Cookware Set,179.99,2,0.05,359.98,18.0,341.98,Apple Pay,Delivered,N/A
ORD-2026-1395,2025-12-13,Middle East & Africa,Electronics,Wireless Noise-Canceling Headphones,199.99,2,0.2,399.98,80.0,319.98,Debit Card,In Transit,N/A
ORD-2026-1396,2025-12-14,Latin America,Electronics,"4K Smart Monitor 27""",349.99,4,0.0,1399.96,0.0,1399.96,Credit Card,Delivered,N/A
ORD-2026-1397,2025-12-15,Europe,Fitness & Sports,Yoga Mat & Block Bundle,34.99,3,0.0,104.97,0.0,104.97,Credit Card,Delivered,N/A
ORD-2026-1398,2025-12-16,Asia-Pacific,Electronics,Smartwatch Pro,249.99,1,0.05,249.99,12.5,237.49,Debit Card,Delivered,N/A
ORD-2026-1399,2025-12-17,Asia-Pacific,Electronics,Smartwatch Pro,249.99,2,0.1,499.98,50.0,449.98,Credit Card,Delivered,N/A
ORD-2026-1400,2025-12-18,North America,Electronics,Ergonomic Mechanical Keyboard,129.99,4,0.05,519.96,26.0,493.96,PayPal,Delivered,N/A
ORD-2026-1401,2025-12-18,Latin America,Electronics,UltraSlim Laptop 15,899.99,4,0.05,3599.96,180.0,3419.96,Credit Card,Delivered,N/A
ORD-2026-1402,2025-12-19,Europe,Electronics,Ergonomic Mechanical Keyboard,129.99,1,0.0,129.99,0.0,129.99,Credit Card,Delivered,N/A
ORD-2026-1403,2025-12-20,Latin America,Apparel,Organic Cotton Hoodie,59.99,1,0.1,59.99,6.0,53.99,PayPal,Delivered,N/A
ORD-2026-1404,2025-12-21,North America,Apparel,Waterproof Outdoor Jacket,149.99,4,0.0,599.96,0.0,599.96,PayPal,Delivered,N/A
ORD-2026-1405,2025-12-22,Latin America,Fitness & Sports,GPS Fitness Tracker,129.99,3,0.0,389.97,0.0,389.97,PayPal,Delivered,N/A
ORD-2026-1406,2025-12-23,Europe,Home & Kitchen,Stainless Steel Cookware Set,179.99,1,0.05,179.99,9.0,170.99,PayPal,Delivered,N/A
ORD-2026-1407,2025-12-24,North America,Electronics,Ergonomic Mechanical Keyboard,129.99,4,0.0,519.96,0.0,519.96,Credit Card,Delivered,N/A
ORD-2026-1408,2025-12-25,Latin America,Electronics,Ergonomic Mechanical Keyboard,129.99,1,0.0,129.99,0.0,129.99,Credit Card,Delivered,N/A
ORD-2026-1409,2025-12-26,North America,Apparel,Thermal Base Layer Set,49.99,3,0.15,149.97,22.5,127.47,Apple Pay,Delivered,N/A
ORD-2026-1410,2025-12-26,North America,Apparel,Organic Cotton Hoodie,59.99,2,0.0,119.98,0.0,119.98,PayPal,Delivered,N/A
ORD-2026-1411,2025-12-27,Middle East & Africa,Electronics,Smartwatch Pro,249.99,1,0.1,249.99,25.0,224.99,Credit Card,Cancelled,N/A
ORD-2026-1412,2025-12-28,Middle East & Africa,Home & Kitchen,Air Fryer XL 5.5L,119.99,3,0.0,359.97,0.0,359.97,Debit Card,Delivered,N/A
ORD-2026-1413,2025-12-29,Europe,Apparel,Waterproof Outdoor Jacket,149.99,4,0.1,599.96,60.0,539.96,Credit Card,Delivered,N/A
ORD-2026-1414,2025-12-30,Asia-Pacific,Apparel,Organic Cotton Hoodie,59.99,1,0.0,59.99,0.0,59.99,PayPal,Delivered,N/A
ORD-2026-1415,2025-12-31,Europe,Apparel,Thermal Base Layer Set,49.99,1,0.0,49.99,0.0,49.99,Credit Card,Delivered,N/A
ORD-2026-1416,2026-01-01,North America,Electronics,UltraSlim Laptop 15,899.99,4,0.2,3599.96,719.99,2879.97,Debit Card,Delivered,N/A
ORD-2026-1417,2026-01-02,North America,Fitness & Sports,GPS Fitness Tracker,129.99,2,0.1,259.98,26.0,233.98,PayPal,Delivered,N/A
ORD-2026-1418,2026-01-02,Asia-Pacific,Home & Kitchen,Robot Vacuum Cleaner,249.99,4,0.0,999.96,0.0,999.96,Credit Card,Delivered,N/A
ORD-2026-1419,2026-01-03,Asia-Pacific,Electronics,Smartwatch Pro,249.99,1,0.0,249.99,0.0,249.99,Apple Pay,Delivered,N/A
ORD-2026-1420,2026-01-04,Asia-Pacific,Fitness & Sports,Yoga Mat & Block Bundle,34.99,4,0.15,139.96,20.99,118.97,Credit Card,Delivered,N/A
ORD-2026-1421,2026-01-05,Asia-Pacific,Apparel,Organic Cotton Hoodie,59.99,3,0.05,179.97,9.0,170.97,Credit Card,Delivered,N/A
ORD-2026-1422,2026-01-06,North America,Fitness & Sports,GPS Fitness Tracker,129.99,4,0.1,519.96,52.0,467.96,Credit Card,Delivered,N/A
ORD-2026-1423,2026-01-07,Europe,Home & Kitchen,Smart LED Desk Lamp,39.99,1,0.1,39.99,4.0,35.99,Credit Card,Delivered,N/A
ORD-2026-1424,2026-01-08,North America,Apparel,Thermal Base Layer Set,49.99,4,0.0,199.96,0.0,199.96,Credit Card,Delivered,N/A
ORD-2026-1425,2026-01-09,Europe,Electronics,UltraSlim Laptop 15,899.99,2,0.0,1799.98,0.0,1799.98,PayPal,Delivered,N/A
ORD-2026-1426,2026-01-09,Europe,Electronics,Smartwatch Pro,249.99,4,0.05,999.96,50.0,949.96,Debit Card,Delivered,N/A
ORD-2026-1427,2026-01-10,Latin America,Apparel,Performance Running Shoes,119.99,2,0.0,239.98,0.0,239.98,PayPal,Delivered,N/A
ORD-2026-1428,2026-01-11,Europe,Home & Kitchen,Smart LED Desk Lamp,39.99,3,0.0,119.97,0.0,119.97,Credit Card,Delivered,N/A
ORD-2026-1429,2026-01-12,North America,Electronics,Wireless Noise-Canceling Headphones,199.99,2,0.15,399.98,60.0,339.98,Credit Card,Delivered,N/A
ORD-2026-1430,2026-01-13,North America,Electronics,Ergonomic Mechanical Keyboard,129.99,4,0.05,519.96,26.0,493.96,Credit Card,Delivered,N/A
ORD-2026-1431,2026-01-14,Asia-Pacific,Home & Kitchen,Stainless Steel Cookware Set,179.99,1,0.1,179.99,18.0,161.99,Credit Card,Delivered,N/A
ORD-2026-1432,2026-01-15,Asia-Pacific,Fitness & Sports,Hydration Backpack,44.99,2,0.05,89.98,4.5,85.48,Debit Card,Delivered,N/A
ORD-2026-1433,2026-01-16,North America,Apparel,Slim-Fit Denim Jeans,69.99,3,0.05,209.97,10.5,199.47,Credit Card,Cancelled,N/A
ORD-2026-1434,2026-01-16,North America,Electronics,Smartwatch Pro,249.99,2,0.0,499.98,0.0,499.98,Debit Card,Delivered,N/A
ORD-2026-1435,2026-01-17,Asia-Pacific,Electronics,Smartwatch Pro,249.99,2,0.0,499.98,0.0,499.98,Apple Pay,Delivered,N/A
ORD-2026-1436,2026-01-18,North America,Electronics,Smartwatch Pro,249.99,2,0.0,499.98,0.0,499.98,PayPal,Delivered,N/A
ORD-2026-1437,2026-01-19,Latin America,Fitness & Sports,Resistance Bands Set,24.99,3,0.0,74.97,0.0,74.97,Debit Card,Delivered,N/A
ORD-2026-1438,2026-01-20,Asia-Pacific,Electronics,Wireless Noise-Canceling Headphones,199.99,4,0.1,799.96,80.0,719.96,PayPal,Delivered,N/A
ORD-2026-1439,2026-01-21,North America,Apparel,Performance Running Shoes,119.99,2,0.0,239.98,0.0,239.98,PayPal,Delivered,N/A
ORD-2026-1440,2026-01-22,North America,Electronics,"4K Smart Monitor 27""",349.99,2,0.0,699.98,0.0,699.98,PayPal,Delivered,N/A
ORD-2026-1441,2026-01-23,Middle East & Africa,Apparel,Performance Running Shoes,119.99,1,0.0,119.99,0.0,119.99,PayPal,Cancelled,N/A
ORD-2026-1442,2026-01-23,Europe,Home & Kitchen,Stainless Steel Cookware Set,179.99,3,0.0,539.97,0.0,539.97,Credit Card,Delivered,N/A
ORD-2026-1443,2026-01-24,Europe,Home & Kitchen,Air Fryer XL 5.5L,119.99,2,0.0,239.98,0.0,239.98,Credit Card,Cancelled,N/A
ORD-2026-1444,2026-01-25,Latin America,Electronics,Ergonomic Mechanical Keyboard,129.99,3,0.0,389.97,0.0,389.97,Credit Card,Delivered,N/A
ORD-2026-1445,2026-01-26,Middle East & Africa,Electronics,Wireless Noise-Canceling Headphones,199.99,2,0.0,399.98,0.0,399.98,PayPal,Delivered,N/A
ORD-2026-1446,2026-01-27,Middle East & Africa,Electronics,Smartwatch Pro,249.99,4,0.0,999.96,0.0,999.96,Credit Card,Delivered,N/A
ORD-2026-1447,2026-01-28,Asia-Pacific,Fitness & Sports,Yoga Mat & Block Bundle,34.99,4,0.0,139.96,0.0,139.96,Apple Pay,Delivered,N/A
ORD-2026-1448,2026-01-29,Europe,Fitness & Sports,Yoga Mat & Block Bundle,34.99,2,0.1,69.98,7.0,62.98,Debit Card,Delivered,N/A
ORD-2026-1449,2026-01-30,North America,Apparel,Slim-Fit Denim Jeans,69.99,4,0.0,279.96,0.0,279.96,Credit Card,Delivered,N/A
ORD-2026-1450,2026-01-30,Asia-Pacific,Home & Kitchen,Air Fryer XL 5.5L,119.99,2,0.0,239.98,0.0,239.98,Credit Card,Delivered,N/A
ORD-2026-1451,2026-01-31,Europe,Home & Kitchen,Robot Vacuum Cleaner,249.99,4,0.05,999.96,50.0,949.96,Apple Pay,Delivered,N/A
ORD-2026-1452,2026-02-01,Europe,Electronics,"4K Smart Monitor 27""",349.99,1,0.0,349.99,0.0,349.99,Debit Card,Delivered,N/A
ORD-2026-1453,2026-02-02,Latin America,Fitness & Sports,Yoga Mat & Block Bundle,34.99,1,0.15,34.99,5.25,29.74,Debit Card,Returned,Buyer Remorse
ORD-2026-1454,2026-02-03,North America,Apparel,Thermal Base Layer Set,49.99,1,0.05,49.99,2.5,47.49,Credit Card,Delivered,N/A
ORD-2026-1455,2026-02-04,Europe,Apparel,Slim-Fit Denim Jeans,69.99,3,0.0,209.97,0.0,209.97,Credit Card,Delivered,N/A
ORD-2026-1456,2026-02-05,North America,Apparel,Organic Cotton Hoodie,59.99,3,0.05,179.97,9.0,170.97,Credit Card,Returned,Not as Described
ORD-2026-1457,2026-02-06,Europe,Electronics,Ergonomic Mechanical Keyboard,129.99,1,0.0,129.99,0.0,129.99,Credit Card,Delivered,N/A
ORD-2026-1458,2026-02-07,North America,Electronics,Wireless Noise-Canceling Headphones,199.99,3,0.05,599.97,30.0,569.97,Debit Card,Delivered,N/A
ORD-2026-1459,2026-02-07,North America,Home & Kitchen,Smart LED Desk Lamp,39.99,4,0.0,159.96,0.0,159.96,Debit Card,Delivered,N/A
ORD-2026-1460,2026-02-08,North America,Electronics,UltraSlim Laptop 15,899.99,2,0.15,1799.98,270.0,1529.98,PayPal,In Transit,N/A
ORD-2026-1461,2026-02-09,Asia-Pacific,Home & Kitchen,Robot Vacuum Cleaner,249.99,2,0.0,499.98,0.0,499.98,Apple Pay,Delivered,N/A
ORD-2026-1462,2026-02-10,Asia-Pacific,Electronics,Wireless Noise-Canceling Headphones,199.99,2,0.05,399.98,20.0,379.98,PayPal,Delivered,N/A
ORD-2026-1463,2026-02-11,Europe,Apparel,Slim-Fit Denim Jeans,69.99,1,0.05,69.99,3.5,66.49,PayPal,Delivered,N/A
ORD-2026-1464,2026-02-12,Middle East & Africa,Electronics,Wireless Noise-Canceling Headphones,199.99,3,0.0,599.97,0.0,599.97,Credit Card,Delivered,N/A
ORD-2026-1465,2026-02-13,Europe,Apparel,Slim-Fit Denim Jeans,69.99,4,0.0,279.96,0.0,279.96,Apple Pay,Delivered,N/A
ORD-2026-1466,2026-02-14,North America,Home & Kitchen,Air Fryer XL 5.5L,119.99,4,0.1,479.96,48.0,431.96,Credit Card,Delivered,N/A
ORD-2026-1467,2026-02-14,Latin America,Electronics,Ergonomic Mechanical Keyboard,129.99,1,0.1,129.99,13.0,116.99,Apple Pay,Delivered,N/A
ORD-2026-1468,2026-02-15,North America,Apparel,Thermal Base Layer Set,49.99,4,0.0,199.96,0.0,199.96,Debit Card,Delivered,N/A
ORD-2026-1469,2026-02-16,Middle East & Africa,Apparel,Thermal Base Layer Set,49.99,4,0.1,199.96,20.0,179.96,Credit Card,Returned,Defective Item
ORD-2026-1470,2026-02-17,North America,Home & Kitchen,Espresso Coffee Machine,299.99,4,0.2,1199.96,239.99,959.97,PayPal,Delivered,N/A
ORD-2026-1471,2026-02-18,Middle East & Africa,Fitness & Sports,Resistance Bands Set,24.99,4,0.15,99.96,14.99,84.97,Apple Pay,Delivered,N/A
ORD-2026-1472,2026-02-19,North America,Home & Kitchen,Smart LED Desk Lamp,39.99,3,0.0,119.97,0.0,119.97,PayPal,Delivered,N/A
ORD-2026-1473,2026-02-20,Latin America,Electronics,UltraSlim Laptop 15,899.99,4,0.1,3599.96,360.0,3239.96,Apple Pay,Delivered,N/A
ORD-2026-1474,2026-02-21,Europe,Electronics,Smartwatch Pro,249.99,2,0.0,499.98,0.0,499.98,Apple Pay,Returned,Buyer Remorse
ORD-2026-1475,2026-02-21,Middle East & Africa,Electronics,Wireless Noise-Canceling Headphones,199.99,1,0.2,199.99,40.0,159.99,Credit Card,Delivered,N/A
ORD-2026-1476,2026-02-22,North America,Apparel,Performance Running Shoes,119.99,3,0.0,359.97,0.0,359.97,Credit Card,Delivered,N/A
ORD-2026-1477,2026-02-23,Europe,Electronics,"4K Smart Monitor 27""",349.99,4,0.0,1399.96,0.0,1399.96,Apple Pay,Delivered,N/A
ORD-2026-1478,2026-02-24,Middle East & Africa,Apparel,Performance Running Shoes,119.99,3,0.1,359.97,36.0,323.97,PayPal,Delivered,N/A
ORD-2026-1479,2026-02-25,Europe,Apparel,Performance Running Shoes,119.99,4,0.0,479.96,0.0,479.96,Credit Card,Delivered,N/A
ORD-2026-1480,2026-02-26,Asia-Pacific,Electronics,Smartwatch Pro,249.99,2,0.2,499.98,100.0,399.98,Credit Card,Delivered,N/A
ORD-2026-1481,2026-02-27,Asia-Pacific,Home & Kitchen,Air Fryer XL 5.5L,119.99,1,0.2,119.99,24.0,95.99,PayPal,Delivered,N/A
ORD-2026-1482,2026-02-28,Europe,Electronics,"4K Smart Monitor 27""",349.99,4,0.05,1399.96,70.0,1329.96,Apple Pay,Returned,Buyer Remorse
ORD-2026-1483,2026-02-28,Asia-Pacific,Electronics,Ergonomic Mechanical Keyboard,129.99,4,0.0,519.96,0.0,519.96,Debit Card,Delivered,N/A
ORD-2026-1484,2026-03-01,Europe,Home & Kitchen,Smart LED Desk Lamp,39.99,4,0.05,159.96,8.0,151.96,PayPal,Delivered,N/A
ORD-2026-1485,2026-03-02,Latin America,Apparel,Performance Running Shoes,119.99,4,0.0,479.96,0.0,479.96,Credit Card,Delivered,N/A
ORD-2026-1486,2026-03-03,North America,Home & Kitchen,Stainless Steel Cookware Set,179.99,1,0.0,179.99,0.0,179.99,Credit Card,Delivered,N/A
ORD-2026-1487,2026-03-04,North America,Apparel,Slim-Fit Denim Jeans,69.99,1,0.1,69.99,7.0,62.99,Apple Pay,Delivered,N/A
ORD-2026-1488,2026-03-05,Middle East & Africa,Electronics,Ergonomic Mechanical Keyboard,129.99,2,0.0,259.98,0.0,259.98,Credit Card,Delivered,N/A
ORD-2026-1489,2026-03-06,Latin America,Home & Kitchen,Robot Vacuum Cleaner,249.99,1,0.0,249.99,0.0,249.99,Credit Card,Delivered,N/A
ORD-2026-1490,2026-03-07,Europe,Home & Kitchen,Air Fryer XL 5.5L,119.99,4,0.2,479.96,95.99,383.97,Credit Card,In Transit,N/A
ORD-2026-1491,2026-03-07,Asia-Pacific,Home & Kitchen,Robot Vacuum Cleaner,249.99,2,0.0,499.98,0.0,499.98,PayPal,Delivered,N/A
ORD-2026-1492,2026-03-08,North America,Electronics,Wireless Noise-Canceling Headphones,199.99,2,0.0,399.98,0.0,399.98,Apple Pay,Delivered,N/A
ORD-2026-1493,2026-03-09,North America,Apparel,Thermal Base Layer Set,49.99,2,0.15,99.98,15.0,84.98,Credit Card,Delivered,N/A
ORD-2026-1494,2026-03-10,Europe,Apparel,Waterproof Outdoor Jacket,149.99,4,0.0,599.96,0.0,599.96,PayPal,Delivered,N/A
ORD-2026-1495,2026-03-11,Europe,Electronics,Smartwatch Pro,249.99,3,0.1,749.97,75.0,674.97,PayPal,Delivered,N/A
ORD-2026-1496,2026-03-12,Europe,Fitness & Sports,Adjustable Dumbbell Set,219.99,4,0.2,879.96,175.99,703.97,Bank Transfer,Delivered,N/A
ORD-2026-1497,2026-03-13,North America,Electronics,UltraSlim Laptop 15,899.99,1,0.15,899.99,135.0,764.99,Credit Card,Returned,Buyer Remorse
ORD-2026-1498,2026-03-14,Middle East & Africa,Fitness & Sports,Hydration Backpack,44.99,1,0.05,44.99,2.25,42.74,PayPal,Returned,Late Delivery
ORD-2026-1499,2026-03-15,Middle East & Africa,Apparel,Slim-Fit Denim Jeans,69.99,4,0.0,279.96,0.0,279.96,Credit Card,Returned,Wrong Size
